category,Total_Sales,Total_profit
Technology,358000.00,88340.00000
Furniture,30000.00,8200.00000
Accessories,26800.00,5030.00000
